date,open,high,low,close,volume,symbol
2023-07-21,390.3800048828125,397.54998779296875,390.1199951171875,394.0400085449219,19248750,KOTAKBANK
2023-07-24,390.0,390.0,377.6400146484375,379.45001220703125,35165465,KOTAKBANK
2023-07-25,380.20001220703125,380.3999938964844,371.2900085449219,375.1000061035156,39724580,KOTAKBANK
2023-07-26,376.0,379.5799865722656,375.1300048828125,379.05999755859375,12310365,KOTAKBANK
2023-07-27,377.79998779296875,380.5199890136719,372.510009765625,374.75,31450005,KOTAKBANK
2023-07-28,373.9200134277344,377.1600036621094,372.2200012207031,375.3699951171875,11510165,KOTAKBANK
2023-07-31,373.20001220703125,375.0,369.8299865722656,371.30999755859375,20126035,KOTAKBANK
2023-08-01,370.0,373.1499938964844,368.8800048828125,370.0,22339710,KOTAKBANK
2023-08-02,368.1099853515625,369.5799865722656,363.6099853515625,364.739990234375,20902255,KOTAKBANK
2023-08-03,364.0199890136719,366.7699890136719,361.1700134277344,364.6499938964844,35076460,KOTAKBANK
2023-08-04,365.79998779296875,368.55999755859375,362.2300109863281,367.70001220703125,27217660,KOTAKBANK
2023-08-07,369.0,369.0,365.2799987792969,366.30999755859375,18541550,KOTAKBANK
2023-08-08,366.29998779296875,368.5299987792969,364.4100036621094,365.6000061035156,20448115,KOTAKBANK
2023-08-09,366.79998779296875,366.79998779296875,363.3500061035156,366.29998779296875,13121620,KOTAKBANK
2023-08-10,365.1499938964844,366.4800109863281,359.20001220703125,360.1700134277344,25560495,KOTAKBANK
2023-08-11,359.6000061035156,360.0,356.3999938964844,358.2900085449219,21328080,KOTAKBANK
2023-08-14,357.79998779296875,360.4700012207031,357.0,358.82000732421875,16499595,KOTAKBANK
2023-08-16,357.3999938964844,357.9700012207031,355.5,357.239990234375,9419700,KOTAKBANK
2023-08-17,356.3999938964844,357.4800109863281,352.6000061035156,353.1400146484375,25658695,KOTAKBANK
2023-08-18,351.4200134277344,353.67999267578125,349.29998779296875,350.1600036621094,20566460,KOTAKBANK
2023-08-21,350.20001220703125,354.5199890136719,349.7699890136719,352.07000732421875,19777340,KOTAKBANK
2023-08-22,353.79998779296875,354.3999938964844,351.69000244140625,352.6199951171875,16644060,KOTAKBANK
2023-08-23,353.9599914550781,356.3800048828125,350.79998779296875,356.010009765625,16691425,KOTAKBANK
2023-08-24,357.79998779296875,359.79998779296875,355.25,356.19000244140625,20618955,KOTAKBANK
2023-08-25,354.239990234375,357.8699951171875,353.3999938964844,355.7699890136719,10216750,KOTAKBANK
2023-08-28,355.7699890136719,359.32000732421875,354.92999267578125,358.07000732421875,9902680,KOTAKBANK
2023-08-29,359.3900146484375,359.510009765625,355.79998779296875,356.6199951171875,13543460,KOTAKBANK
2023-08-30,358.20001220703125,358.5899963378906,353.0,354.9800109863281,12979480,KOTAKBANK
2023-08-31,354.9800109863281,356.760009765625,350.8599853515625,351.75,41570050,KOTAKBANK
2023-09-01,352.7799987792969,355.9200134277344,350.8699951171875,354.2200012207031,13476050,KOTAKBANK
2023-09-04,355.4800109863281,357.79998779296875,351.4599914550781,352.44000244140625,23488415,KOTAKBANK
2023-09-05,353.0,356.6000061035156,352.6199951171875,354.2099914550781,21286715,KOTAKBANK
2023-09-06,354.20001220703125,355.3999938964844,352.0400085449219,354.05999755859375,31101115,KOTAKBANK
2023-09-07,355.0,358.4700012207031,353.4599914550781,357.79998779296875,11040445,KOTAKBANK
2023-09-08,359.3999938964844,361.0,356.30999755859375,358.6400146484375,11930910,KOTAKBANK
2023-09-11,360.0,362.29998779296875,359.04998779296875,361.5799865722656,11584510,KOTAKBANK
2023-09-12,363.79998779296875,363.79998779296875,359.2799987792969,362.239990234375,17044830,KOTAKBANK
2023-09-13,360.1199951171875,367.20001220703125,360.1199951171875,364.9200134277344,29659350,KOTAKBANK
2023-09-14,365.6000061035156,366.3500061035156,362.79998779296875,364.30999755859375,12797115,KOTAKBANK
2023-09-15,363.239990234375,364.69000244140625,362.20001220703125,362.7799987792969,20607700,KOTAKBANK
2023-09-18,362.20001220703125,362.3999938964844,358.79998779296875,359.6700134277344,19850560,KOTAKBANK
2023-09-20,357.3900146484375,360.69000244140625,355.1400146484375,357.8900146484375,26840715,KOTAKBANK
2023-09-21,356.79998779296875,358.1600036621094,350.20001220703125,351.1400146484375,23923755,KOTAKBANK
2023-09-22,351.6000061035156,353.9800109863281,350.42999267578125,351.2900085449219,18550615,KOTAKBANK
2023-09-25,352.79998779296875,357.8599853515625,351.3599853515625,356.8800048828125,11132835,KOTAKBANK
2023-09-26,355.2200012207031,356.3599853515625,350.739990234375,352.82000732421875,18280835,KOTAKBANK
2023-09-27,352.79998779296875,354.2200012207031,350.0,353.0299987792969,15021030,KOTAKBANK
2023-09-28,352.44000244140625,354.3800048828125,345.79998779296875,346.6400146484375,41315985,KOTAKBANK
2023-09-29,348.79998779296875,348.79998779296875,346.5899963378906,347.1400146484375,17858645,KOTAKBANK
2023-10-03,346.0,347.0,343.0899963378906,345.4100036621094,27674345,KOTAKBANK
2023-10-04,343.0,345.3999938964844,341.79998779296875,344.4100036621094,31104895,KOTAKBANK
2023-10-05,346.0,349.3999938964844,344.2300109863281,346.8500061035156,14834005,KOTAKBANK
2023-10-06,347.05999755859375,349.3999938964844,346.0400085449219,348.7799987792969,9961615,KOTAKBANK
2023-10-09,346.0,346.760009765625,343.4100036621094,343.8599853515625,9197565,KOTAKBANK
2023-10-10,345.5,353.739990234375,344.1199951171875,351.2200012207031,16844910,KOTAKBANK
2023-10-11,352.010009765625,355.989990234375,352.010009765625,354.2799987792969,17499220,KOTAKBANK
2023-10-12,355.0,355.3800048828125,352.25,352.7699890136719,11919135,KOTAKBANK
2023-10-13,351.0,353.989990234375,350.42999267578125,352.3999938964844,10619635,KOTAKBANK
2023-10-16,352.20001220703125,352.42999267578125,349.2900085449219,349.95001220703125,7899785,KOTAKBANK
2023-10-17,351.0,354.9599914550781,350.1600036621094,354.30999755859375,16086785,KOTAKBANK
2023-10-18,354.6000061035156,355.0400085449219,349.0199890136719,350.67999267578125,15258400,KOTAKBANK
2023-10-19,348.3999938964844,350.67999267578125,347.1199951171875,347.69000244140625,9965895,KOTAKBANK
2023-10-20,346.70001220703125,354.6400146484375,346.5299987792969,353.9200134277344,20361915,KOTAKBANK
2023-10-23,353.79998779296875,353.79998779296875,344.489990234375,348.1499938964844,37732210,KOTAKBANK
2023-10-25,349.79998779296875,352.3500061035156,344.3999938964844,345.6099853515625,17563340,KOTAKBANK
2023-10-26,345.5400085449219,345.5400085449219,337.79998779296875,338.9700012207031,31396400,KOTAKBANK
2023-10-27,341.6000061035156,341.6000061035156,337.79998779296875,340.5400085449219,14874150,KOTAKBANK
2023-10-30,340.3999938964844,344.17999267578125,337.67999267578125,343.5,7557815,KOTAKBANK
2023-10-31,345.5400085449219,349.3999938964844,343.3699951171875,347.8800048828125,24196680,KOTAKBANK
2023-11-01,346.20001220703125,347.19000244140625,343.57000732421875,344.8800048828125,12640525,KOTAKBANK
2023-11-02,347.0,351.7300109863281,346.4200134277344,347.5400085449219,12752790,KOTAKBANK
2023-11-03,348.0,348.8500061035156,346.0199890136719,346.6499938964844,7794790,KOTAKBANK
2023-11-06,348.79998779296875,349.3999938964844,346.3999938964844,348.0400085449219,5933425,KOTAKBANK
2023-11-07,347.0299987792969,350.8800048828125,345.2200012207031,350.25,17998015,KOTAKBANK
2023-11-08,350.6000061035156,352.19000244140625,348.0,349.25,18214185,KOTAKBANK
2023-11-09,349.17999267578125,351.3399963378906,347.82000732421875,348.989990234375,9718555,KOTAKBANK
2023-11-10,346.9200134277344,349.8500061035156,346.9200134277344,349.0899963378906,8173995,KOTAKBANK
2023-11-13,350.20001220703125,350.44000244140625,346.70001220703125,349.6400146484375,14276385,KOTAKBANK
2023-11-15,352.20001220703125,354.4599914550781,350.0299987792969,353.8999938964844,17161355,KOTAKBANK
2023-11-16,354.20001220703125,356.67999267578125,353.0,354.57000732421875,10395580,KOTAKBANK
2023-11-17,352.0,356.8500061035156,351.8599853515625,352.9200134277344,13554350,KOTAKBANK
2023-11-20,351.20001220703125,355.19000244140625,350.0199890136719,354.1099853515625,9618255,KOTAKBANK
2023-11-21,355.7900085449219,355.7900085449219,352.1300048828125,353.44000244140625,13528825,KOTAKBANK
2023-11-22,351.6000061035156,352.6000061035156,347.5,349.1300048828125,22568660,KOTAKBANK
2023-11-23,348.010009765625,349.760009765625,347.3999938964844,347.8599853515625,14181445,KOTAKBANK
2023-11-24,347.8999938964844,349.8999938964844,346.739990234375,348.79998779296875,12809895,KOTAKBANK
2023-11-28,349.0,349.6000061035156,347.6000061035156,348.45001220703125,16746460,KOTAKBANK
2023-11-29,349.70001220703125,351.8500061035156,348.0400085449219,350.69000244140625,17365700,KOTAKBANK
2023-11-30,351.2900085449219,353.20001220703125,349.19000244140625,351.0899963378906,31274735,KOTAKBANK
2023-12-01,352.0,353.20001220703125,349.6499938964844,350.1000061035156,10011890,KOTAKBANK
2023-12-04,354.0,365.19000244140625,350.5299987792969,363.7099914550781,22895865,KOTAKBANK
2023-12-05,365.6000061035156,367.3999938964844,361.70001220703125,365.69000244140625,27857360,KOTAKBANK
2023-12-06,366.4100036621094,367.8699951171875,362.6300048828125,364.2799987792969,23479400,KOTAKBANK
2023-12-07,365.0,367.3699951171875,362.67999267578125,365.3699951171875,12503210,KOTAKBANK
2023-12-08,365.3699951171875,368.6000061035156,364.1400146484375,367.69000244140625,14927330,KOTAKBANK
2023-12-11,369.0,372.3299865722656,368.05999755859375,368.80999755859375,16029165,KOTAKBANK
2023-12-12,369.6000061035156,370.6000061035156,363.80999755859375,364.8699951171875,19074810,KOTAKBANK
2023-12-13,364.79998779296875,367.1499938964844,362.6199951171875,365.239990234375,16256660,KOTAKBANK
2023-12-14,368.79998779296875,373.0899963378906,366.489990234375,370.7699890136719,24394315,KOTAKBANK
2023-12-15,373.0,373.0,368.54998779296875,370.1199951171875,19385985,KOTAKBANK
2023-12-18,369.0400085449219,371.17999267578125,368.0,369.3900146484375,18793650,KOTAKBANK
2023-12-19,369.9700012207031,370.9700012207031,367.1400146484375,369.30999755859375,15444615,KOTAKBANK
2023-12-20,370.42999267578125,372.79998779296875,363.05999755859375,365.29998779296875,19842810,KOTAKBANK
2023-12-21,364.20001220703125,371.489990234375,361.0,370.5400085449219,12019200,KOTAKBANK
2023-12-22,370.94000244140625,375.92999267578125,370.20001220703125,372.1000061035156,16546475,KOTAKBANK
2023-12-26,373.3999938964844,379.79998779296875,371.42999267578125,377.3699951171875,21753345,KOTAKBANK
2023-12-27,378.79998779296875,382.0,376.6300048828125,380.4700012207031,17036215,KOTAKBANK
2023-12-28,382.20001220703125,385.29998779296875,380.6199951171875,384.2699890136719,24750070,KOTAKBANK
2023-12-29,382.4200134277344,383.54998779296875,378.010009765625,381.6199951171875,12230850,KOTAKBANK
2024-01-01,381.79998779296875,383.79998779296875,378.6199951171875,381.8299865722656,7129510,KOTAKBANK
2024-01-02,381.6000061035156,381.6000061035156,372.0199890136719,373.010009765625,25603980,KOTAKBANK
2024-01-03,372.79998779296875,374.0,369.5299987792969,373.17999267578125,18907575,KOTAKBANK
2024-01-04,374.29998779296875,374.29998779296875,372.1099853515625,372.7200012207031,14328830,KOTAKBANK
2024-01-05,373.1000061035156,373.9800109863281,368.2799987792969,369.5199890136719,38996705,KOTAKBANK
2024-01-08,369.6000061035156,370.2900085449219,363.7200012207031,365.2200012207031,61265835,KOTAKBANK
2024-01-09,367.3999938964844,371.6000061035156,364.20001220703125,365.3299865722656,21696115,KOTAKBANK
2024-01-10,364.1600036621094,366.5,362.32000732421875,364.1600036621094,35263790,KOTAKBANK
2024-01-11,366.3999938964844,368.2799987792969,363.07000732421875,364.57000732421875,20850350,KOTAKBANK
2024-01-12,365.0,368.510009765625,362.8800048828125,366.6499938964844,10863105,KOTAKBANK
2024-01-15,368.6000061035156,370.7200012207031,367.25,370.29998779296875,30861560,KOTAKBANK
2024-01-16,370.1099853515625,372.19000244140625,368.20001220703125,369.6000061035156,23254490,KOTAKBANK
2024-01-17,364.6099853515625,366.92999267578125,355.2200012207031,355.92999267578125,54184415,KOTAKBANK
2024-01-18,354.0,358.5400085449219,352.9200134277344,355.45001220703125,21467250,KOTAKBANK
2024-01-19,357.4100036621094,359.989990234375,350.8299865722656,352.8599853515625,22801645,KOTAKBANK
2024-01-23,360.20001220703125,364.9800109863281,352.7799987792969,356.8999938964844,33904120,KOTAKBANK
2024-01-24,357.79998779296875,360.70001220703125,352.5799865722656,357.7200012207031,16341755,KOTAKBANK
2024-01-25,358.0,359.5199890136719,350.4800109863281,353.67999267578125,33510850,KOTAKBANK
2024-01-29,357.05999755859375,366.010009765625,355.20001220703125,364.5799865722656,26180740,KOTAKBANK
2024-01-30,365.0,367.8900146484375,360.6700134277344,364.7200012207031,19145935,KOTAKBANK
2024-01-31,363.20001220703125,368.2900085449219,357.70001220703125,365.04998779296875,40587005,KOTAKBANK
2024-02-01,366.0,366.4100036621094,362.6400146484375,364.54998779296875,10360840,KOTAKBANK
2024-02-02,368.3599853515625,370.0,363.67999267578125,364.5899963378906,25249380,KOTAKBANK
2024-02-05,365.0,365.3900146484375,359.79998779296875,361.6700134277344,17304030,KOTAKBANK
2024-02-06,362.79998779296875,362.79998779296875,356.6300048828125,357.3999938964844,23459485,KOTAKBANK
2024-02-07,358.20001220703125,361.9599914550781,356.79998779296875,358.5199890136719,22961120,KOTAKBANK
2024-02-08,360.30999755859375,360.760009765625,345.4100036621094,345.94000244140625,22713870,KOTAKBANK
2024-02-09,346.0,349.79998779296875,343.79998779296875,348.489990234375,20319880,KOTAKBANK
2024-02-12,348.6000061035156,349.79998779296875,338.2200012207031,341.9100036621094,22532445,KOTAKBANK
2024-02-13,342.6000061035156,349.0199890136719,341.79998779296875,347.42999267578125,22461670,KOTAKBANK
2024-02-14,344.7300109863281,352.9599914550781,342.42999267578125,349.7900085449219,19251615,KOTAKBANK
2024-02-15,351.0,351.489990234375,344.010009765625,347.8500061035156,12708350,KOTAKBANK
2024-02-16,349.989990234375,350.20001220703125,346.44000244140625,347.04998779296875,8215730,KOTAKBANK
2024-02-19,348.79998779296875,348.79998779296875,345.2300109863281,346.2799987792969,22239770,KOTAKBANK
2024-02-20,347.94000244140625,353.7300109863281,347.4700012207031,352.5,38055620,KOTAKBANK
2024-02-21,353.79998779296875,353.79998779296875,348.1099853515625,349.2200012207031,20924355,KOTAKBANK
2024-02-22,348.8999938964844,349.0,342.8399963378906,344.95001220703125,31003800,KOTAKBANK
2024-02-23,344.8999938964844,346.54998779296875,343.0799865722656,344.79998779296875,17268830,KOTAKBANK
2024-02-26,344.4200134277344,345.0799865722656,340.3900146484375,341.260009765625,29790330,KOTAKBANK
2024-02-27,342.6000061035156,342.989990234375,339.3999938964844,341.3500061035156,22158260,KOTAKBANK
2024-02-28,342.20001220703125,342.57000732421875,335.0400085449219,336.7200012207031,15381635,KOTAKBANK
2024-02-29,337.3999938964844,340.45001220703125,333.4800109863281,337.8900146484375,33034875,KOTAKBANK
2024-03-01,339.1000061035156,346.04998779296875,339.0,345.5400085449219,17220745,KOTAKBANK
2024-03-04,345.5899963378906,348.29998779296875,343.70001220703125,345.44000244140625,13885990,KOTAKBANK
2024-03-05,345.3800048828125,345.44000244140625,341.7900085449219,343.1400146484375,15610970,KOTAKBANK
2024-03-06,344.57000732421875,354.3900146484375,343.67999267578125,351.95001220703125,37258560,KOTAKBANK
2024-03-07,351.95001220703125,352.9800109863281,349.0,349.6099853515625,15696800,KOTAKBANK
2024-03-11,353.17999267578125,353.9700012207031,344.8500061035156,345.92999267578125,18200715,KOTAKBANK
2024-03-12,346.9800109863281,348.69000244140625,341.4700012207031,344.07000732421875,51216490,KOTAKBANK
2024-03-13,344.07000732421875,348.54998779296875,343.44000244140625,345.9100036621094,29080415,KOTAKBANK
2024-03-14,345.0,351.57000732421875,343.8299865722656,348.4800109863281,24048165,KOTAKBANK
2024-03-15,347.1600036621094,351.20001220703125,344.239990234375,347.6600036621094,77537270,KOTAKBANK
2024-03-18,347.4800109863281,348.9700012207031,343.05999755859375,347.5799865722656,11570715,KOTAKBANK
2024-03-19,346.9700012207031,351.3800048828125,346.1099853515625,349.92999267578125,22405375,KOTAKBANK
2024-03-20,350.2799987792969,353.70001220703125,346.1600036621094,353.0799865722656,22104430,KOTAKBANK
2024-03-21,354.4200134277344,358.1300048828125,352.8599853515625,354.42999267578125,18918405,KOTAKBANK
2024-03-22,353.9800109863281,356.5,353.0,355.2799987792969,35306415,KOTAKBANK
2024-03-26,353.0,355.0799865722656,350.0,350.739990234375,26518150,KOTAKBANK
2024-03-27,351.6000061035156,355.9599914550781,350.7799987792969,355.1199951171875,41155650,KOTAKBANK
2024-03-28,355.5899963378906,360.7799987792969,354.8399963378906,357.1000061035156,33150360,KOTAKBANK
2024-04-01,359.0,363.5299987792969,357.29998779296875,358.1400146484375,14429400,KOTAKBANK
2024-04-02,358.7799987792969,359.6000061035156,350.8900146484375,351.4800109863281,34255950,KOTAKBANK
2024-04-03,350.70001220703125,351.3399963378906,345.79998779296875,346.2300109863281,63417755,KOTAKBANK
2024-04-04,349.3999938964844,350.3399963378906,344.6600036621094,349.8299865722656,65626460,KOTAKBANK
2024-04-05,349.80999755859375,357.44000244140625,348.0199890136719,357.0299987792969,32790115,KOTAKBANK
2024-04-08,358.760009765625,360.3699951171875,357.0199890136719,357.67999267578125,13174055,KOTAKBANK
2024-04-09,358.07000732421875,358.6000061035156,355.1400146484375,356.1199951171875,11866155,KOTAKBANK
2024-04-10,357.7799987792969,365.9800109863281,356.79998779296875,365.19000244140625,27629090,KOTAKBANK
2024-04-12,362.20001220703125,363.6199951171875,359.8699951171875,362.6099853515625,19831135,KOTAKBANK
2024-04-15,357.989990234375,361.94000244140625,356.0,359.6300048828125,21599340,KOTAKBANK
2024-04-16,355.6000061035156,360.9200134277344,355.1300048828125,358.5199890136719,20483890,KOTAKBANK
2024-04-18,358.010009765625,362.6000061035156,356.6199951171875,357.3500061035156,21253700,KOTAKBANK
2024-04-19,352.79998779296875,361.0,352.6000061035156,358.5299987792969,19351900,KOTAKBANK
2024-04-22,362.6000061035156,364.5,360.0,361.989990234375,30755695,KOTAKBANK
2024-04-23,362.0,365.79998779296875,360.6199951171875,362.6099853515625,29780025,KOTAKBANK
2024-04-24,362.3999938964844,369.1000061035156,361.55999755859375,368.55999755859375,16475385,KOTAKBANK
2024-04-25,333.0,339.55999755859375,320.3999938964844,328.489990234375,330895395,KOTAKBANK
2024-04-26,328.489990234375,331.0,321.0,321.70001220703125,110734245,KOTAKBANK
2024-04-29,322.0199890136719,329.45001220703125,321.8999938964844,328.0799865722656,56137045,KOTAKBANK
2024-04-30,328.0799865722656,329.3999938964844,324.0,324.7900085449219,91032240,KOTAKBANK
2024-05-02,318.0,318.8999938964844,310.4800109863281,315.1300048828125,133202390,KOTAKBANK
2024-05-03,316.6000061035156,317.5799865722656,308.7699890136719,309.3399963378906,80617945,KOTAKBANK
2024-05-06,321.0,326.6000061035156,318.79998779296875,324.8599853515625,108041055,KOTAKBANK
2024-05-07,325.739990234375,329.4700012207031,323.6000061035156,328.7799987792969,49333925,KOTAKBANK
2024-05-08,328.0,331.489990234375,327.2200012207031,329.6700134277344,49268765,KOTAKBANK
2024-05-09,329.6000061035156,332.3699951171875,327.3999938964844,328.6199951171875,23280220,KOTAKBANK
2024-05-10,328.6000061035156,330.6199951171875,323.17999267578125,325.5899963378906,58847010,KOTAKBANK
2024-05-13,325.3999938964844,328.7300109863281,323.20001220703125,328.239990234375,29196240,KOTAKBANK
2024-05-14,328.3999938964844,330.0,326.5,329.260009765625,21410130,KOTAKBANK
2024-05-15,329.94000244140625,330.79998779296875,327.4100036621094,330.1600036621094,26304500,KOTAKBANK
2024-05-16,331.0,335.0,329.44000244140625,334.4100036621094,34991785,KOTAKBANK
2024-05-17,334.79998779296875,341.1300048828125,333.0,339.30999755859375,48087255,KOTAKBANK
2024-05-21,338.3999938964844,343.0,338.0,339.6499938964844,29050835,KOTAKBANK
2024-05-22,340.55999755859375,340.989990234375,336.2200012207031,339.9100036621094,30293485,KOTAKBANK
2024-05-23,340.0,342.7200012207031,339.4100036621094,341.80999755859375,28406475,KOTAKBANK
2024-05-24,342.20001220703125,343.57000732421875,338.94000244140625,340.69000244140625,24680885,KOTAKBANK
2024-05-27,340.69000244140625,344.3999938964844,340.5,342.20001220703125,17271435,KOTAKBANK
2024-05-28,342.4599914550781,343.20001220703125,339.6000061035156,340.7300109863281,18580705,KOTAKBANK
2024-05-29,339.6000061035156,342.17999267578125,336.44000244140625,337.57000732421875,24762360,KOTAKBANK
2024-05-30,336.8699951171875,341.5199890136719,336.6000061035156,338.0199890136719,27902445,KOTAKBANK
2024-05-31,340.6000061035156,340.6000061035156,332.1099853515625,336.0799865722656,64022380,KOTAKBANK
2024-06-03,344.2900085449219,347.7699890136719,340.0199890136719,343.6099853515625,49005355,KOTAKBANK
2024-06-04,340.6499938964844,343.1000061035156,320.489990234375,327.5899963378906,76147340,KOTAKBANK
2024-06-05,332.510009765625,344.95001220703125,329.0,343.6199951171875,72131590,KOTAKBANK
2024-06-06,344.20001220703125,347.70001220703125,340.760009765625,346.94000244140625,31799505,KOTAKBANK
2024-06-07,346.010009765625,351.7300109863281,344.3999938964844,350.739990234375,23040730,KOTAKBANK
2024-06-10,350.0199890136719,354.69000244140625,347.2300109863281,349.1300048828125,24240220,KOTAKBANK
2024-06-11,349.32000732421875,349.44000244140625,343.4200134277344,344.0,20528235,KOTAKBANK
2024-06-12,344.0199890136719,346.79998779296875,342.5799865722656,343.1499938964844,29407880,KOTAKBANK
2024-06-13,346.2799987792969,347.510009765625,343.79998779296875,345.2699890136719,30080725,KOTAKBANK
2024-06-14,344.6000061035156,346.9800109863281,342.0799865722656,343.44000244140625,15768330,KOTAKBANK
2024-06-18,343.7200012207031,344.92999267578125,340.6499938964844,343.8800048828125,28536650,KOTAKBANK
2024-06-19,345.79998779296875,352.6099853515625,343.0,349.3399963378906,49798990,KOTAKBANK
2024-06-20,353.0,357.9700012207031,352.05999755859375,353.25,46215520,KOTAKBANK
2024-06-21,354.0,357.79998779296875,349.05999755859375,355.1300048828125,95158445,KOTAKBANK
2024-06-24,351.42999267578125,355.0400085449219,349.95001220703125,354.510009765625,21144440,KOTAKBANK
2024-06-25,355.30999755859375,359.6499938964844,352.6000061035156,356.3800048828125,29669295,KOTAKBANK
2024-06-26,356.0,363.20001220703125,355.2200012207031,359.6300048828125,33429660,KOTAKBANK
2024-06-27,358.20001220703125,367.6000061035156,357.0,366.1099853515625,66713845,KOTAKBANK
2024-06-28,364.44000244140625,369.5899963378906,359.7799987792969,360.5,24845035,KOTAKBANK
2024-07-01,360.5,362.6300048828125,358.0,361.6199951171875,14507550,KOTAKBANK
2024-07-02,364.19000244140625,364.19000244140625,347.4200134277344,353.9200134277344,48125085,KOTAKBANK
2024-07-03,353.1600036621094,363.1700134277344,350.44000244140625,362.1400146484375,44905015,KOTAKBANK
2024-07-04,361.32000732421875,367.7099914550781,360.260009765625,366.7699890136719,25344465,KOTAKBANK
2024-07-05,364.0,371.5899963378906,363.69000244140625,370.5400085449219,17328265,KOTAKBANK
2024-07-08,370.79998779296875,371.45001220703125,367.0899963378906,370.6400146484375,19306015,KOTAKBANK
2024-07-09,372.239990234375,374.0,366.0,369.57000732421875,19601055,KOTAKBANK
2024-07-10,368.6000061035156,368.8999938964844,364.0400085449219,365.9700012207031,28148945,KOTAKBANK
2024-07-11,366.1700134277344,370.3999938964844,364.30999755859375,368.8999938964844,23076860,KOTAKBANK
2024-07-12,368.8999938964844,370.20001220703125,365.25,366.57000732421875,21204275,KOTAKBANK
2024-07-15,367.79998779296875,371.5799865722656,365.3299865722656,368.7099914550781,29549980,KOTAKBANK
2024-07-16,368.4200134277344,369.82000732421875,360.17999267578125,361.05999755859375,32713510,KOTAKBANK
2024-07-18,361.0,366.239990234375,358.6300048828125,365.3500061035156,37954190,KOTAKBANK
2024-07-19,363.70001220703125,366.20001220703125,361.19000244140625,364.32000732421875,20694325,KOTAKBANK
2024-07-22,364.20001220703125,364.20001220703125,349.7799987792969,351.510009765625,53711805,KOTAKBANK
2024-07-23,353.79998779296875,356.1000061035156,347.8299865722656,353.7799987792969,30775980,KOTAKBANK
2024-07-24,353.5899963378906,356.17999267578125,345.80999755859375,349.239990234375,37436035,KOTAKBANK
2024-07-25,346.3999938964844,355.79998779296875,346.3999938964844,355.0299987792969,15481985,KOTAKBANK
2024-07-26,351.6199951171875,365.9700012207031,351.6199951171875,362.7699890136719,26546755,KOTAKBANK
2024-07-29,364.94000244140625,365.3999938964844,356.70001220703125,358.7799987792969,40031835,KOTAKBANK
2024-07-30,358.7799987792969,361.3299865722656,356.260009765625,357.2200012207031,28397685,KOTAKBANK
2024-07-31,358.6000061035156,363.20001220703125,354.6300048828125,361.5799865722656,29031285,KOTAKBANK
2024-08-01,361.4200134277344,363.6499938964844,357.25,358.5299987792969,19080220,KOTAKBANK
2024-08-02,356.2200012207031,362.0,355.0,360.69000244140625,16212945,KOTAKBANK
2024-08-05,354.0400085449219,361.1199951171875,353.7099914550781,354.7300109863281,24559090,KOTAKBANK
2024-08-06,357.0,358.44000244140625,352.0,354.1099853515625,19620110,KOTAKBANK
2024-08-07,357.0,357.32000732421875,352.010009765625,355.30999755859375,17688725,KOTAKBANK
2024-08-08,353.3299865722656,356.3599853515625,352.5299987792969,354.54998779296875,12361105,KOTAKBANK
2024-08-09,357.010009765625,357.0899963378906,353.0,353.92999267578125,12322215,KOTAKBANK
2024-08-12,352.20001220703125,358.2099914550781,350.25,354.510009765625,22722215,KOTAKBANK
2024-08-13,352.6000061035156,358.29998779296875,349.2200012207031,350.4100036621094,17651595,KOTAKBANK
2024-08-14,351.0,352.0,348.9100036621094,349.5799865722656,12928245,KOTAKBANK
2024-08-16,352.3999938964844,357.1499938964844,349.20001220703125,355.4599914550781,14809355,KOTAKBANK
2024-08-19,356.1099853515625,358.0,354.20001220703125,356.2699890136719,10861395,KOTAKBANK
2024-08-20,356.6000061035156,362.6099853515625,355.25,361.1300048828125,15577430,KOTAKBANK
2024-08-21,360.0,363.3999938964844,357.4700012207031,362.5899963378906,28585950,KOTAKBANK
2024-08-22,362.79998779296875,364.8599853515625,361.1600036621094,364.29998779296875,16089940,KOTAKBANK
2024-08-23,364.29998779296875,365.5799865722656,362.5400085449219,363.6000061035156,9075930,KOTAKBANK
2024-08-26,364.0,364.5899963378906,361.94000244140625,362.5,11781285,KOTAKBANK
2024-08-27,362.2099914550781,362.6199951171875,358.3399963378906,360.6700134277344,22708480,KOTAKBANK
2024-08-28,359.20001220703125,361.17999267578125,357.1700134277344,358.260009765625,21403980,KOTAKBANK
2024-08-29,356.6499938964844,359.70001220703125,354.6000061035156,355.45001220703125,27655790,KOTAKBANK
2024-08-30,355.4599914550781,358.0,354.8699951171875,356.1600036621094,37290860,KOTAKBANK
2024-09-02,356.3999938964844,358.69000244140625,354.5400085449219,356.04998779296875,20242600,KOTAKBANK
2024-09-03,356.010009765625,357.2900085449219,354.4700012207031,356.760009765625,25981365,KOTAKBANK
2024-09-04,354.0,357.6600036621094,352.70001220703125,356.760009765625,15962215,KOTAKBANK
2024-09-05,356.25,357.2699890136719,352.0,355.5899963378906,17865025,KOTAKBANK
2024-09-06,353.510009765625,356.3900146484375,351.29998779296875,352.8299865722656,16274400,KOTAKBANK
2024-09-09,353.5400085449219,358.7900085449219,351.69000244140625,358.0299987792969,17182305,KOTAKBANK
2024-09-10,359.6000061035156,359.92999267578125,355.6099853515625,358.32000732421875,17488060,KOTAKBANK
2024-09-11,359.0,361.0899963378906,357.0,357.8500061035156,18669360,KOTAKBANK
2024-09-12,360.7799987792969,366.8299865722656,359.0299987792969,365.489990234375,31827540,KOTAKBANK
2024-09-13,367.3999938964844,367.3999938964844,363.3500061035156,364.07000732421875,10283600,KOTAKBANK
2024-09-16,366.6000061035156,369.1400146484375,365.6600036621094,366.260009765625,13653170,KOTAKBANK
2024-09-17,367.8800048828125,370.67999267578125,366.1300048828125,369.3299865722656,18374310,KOTAKBANK
2024-09-18,370.0,371.8900146484375,367.1199951171875,367.94000244140625,34387495,KOTAKBANK
2024-09-19,369.9800109863281,375.0,369.0199890136719,374.3900146484375,14462150,KOTAKBANK
2024-09-20,374.79998779296875,385.260009765625,374.0,380.8999938964844,94247895,KOTAKBANK
2024-09-23,382.989990234375,388.3999938964844,381.6400146484375,386.94000244140625,18431360,KOTAKBANK
2024-09-24,387.0,387.7200012207031,381.9200134277344,382.94000244140625,18546930,KOTAKBANK
2024-09-25,382.010009765625,384.5400085449219,378.8599853515625,379.5899963378906,16537335,KOTAKBANK
2024-09-26,379.0,382.6600036621094,376.8599853515625,380.4599914550781,21022565,KOTAKBANK
2024-09-27,380.0,382.0,373.260009765625,374.489990234375,33215560,KOTAKBANK
2024-09-30,371.3399963378906,376.8900146484375,368.6199951171875,370.7900085449219,16234200,KOTAKBANK
2024-10-01,369.3999938964844,376.95001220703125,369.3999938964844,375.8800048828125,24357630,KOTAKBANK
2024-10-03,371.5799865722656,372.7300109863281,363.1600036621094,364.55999755859375,31816160,KOTAKBANK
2024-10-04,363.1000061035156,370.0,359.6700134277344,361.79998779296875,18673160,KOTAKBANK
2024-10-07,362.0,367.2799987792969,353.8800048828125,358.04998779296875,37233165,KOTAKBANK
2024-10-08,360.0,362.79998779296875,356.3699951171875,360.67999267578125,25485515,KOTAKBANK
2024-10-09,360.20001220703125,364.0,357.9800109863281,360.1600036621094,35394010,KOTAKBANK
2024-10-10,361.9800109863281,376.79998779296875,361.05999755859375,375.2200012207031,29528990,KOTAKBANK
2024-10-11,374.44000244140625,378.7200012207031,372.2300109863281,376.4800109863281,26057900,KOTAKBANK
2024-10-14,377.010009765625,383.20001220703125,376.489990234375,382.1600036621094,21955690,KOTAKBANK
2024-10-15,382.44000244140625,383.07000732421875,377.489990234375,379.0400085449219,21477465,KOTAKBANK
2024-10-16,376.79998779296875,378.489990234375,373.6300048828125,375.2699890136719,15727780,KOTAKBANK
2024-10-17,375.2699890136719,375.6600036621094,370.260009765625,372.80999755859375,17707160,KOTAKBANK
2024-10-18,373.6000061035156,375.70001220703125,369.6000061035156,374.2099914550781,19173835,KOTAKBANK
2024-10-21,370.0,371.0,347.0,357.8399963378906,65890685,KOTAKBANK
2024-10-22,358.3900146484375,359.1000061035156,351.7699890136719,352.6300048828125,27471910,KOTAKBANK
2024-10-23,352.2300109863281,357.4100036621094,351.6199951171875,353.55999755859375,14180685,KOTAKBANK
2024-10-24,353.20001220703125,354.54998779296875,350.05999755859375,352.44000244140625,11584100,KOTAKBANK
2024-10-25,353.0,357.29998779296875,351.3999938964844,353.7699890136719,14146135,KOTAKBANK
2024-10-28,353.6000061035156,356.1300048828125,349.010009765625,349.9700012207031,16510740,KOTAKBANK
2024-10-29,348.70001220703125,353.42999267578125,346.1400146484375,352.0400085449219,20790595,KOTAKBANK
2024-10-30,345.3999938964844,352.0,345.32000732421875,346.9200134277344,21929745,KOTAKBANK
2024-10-31,345.4700012207031,349.32000732421875,344.7900085449219,346.2200012207031,14723350,KOTAKBANK
2024-11-01,347.9200134277344,350.8299865722656,347.2699890136719,348.8800048828125,912445,KOTAKBANK
2024-11-04,348.79998779296875,348.79998779296875,344.8500061035156,345.8699951171875,14424150,KOTAKBANK
2024-11-05,344.29998779296875,352.1000061035156,342.20001220703125,351.42999267578125,20143075,KOTAKBANK
2024-11-06,352.0199890136719,353.69000244140625,349.32000732421875,352.5199890136719,18261260,KOTAKBANK
2024-11-07,352.6000061035156,353.0,346.6000061035156,349.3800048828125,15304920,KOTAKBANK
2024-11-08,349.0,352.82000732421875,347.7799987792969,349.1600036621094,18234125,KOTAKBANK
2024-11-11,349.0,352.6600036621094,347.44000244140625,348.79998779296875,16025150,KOTAKBANK
2024-11-12,348.9599914550781,349.8800048828125,343.0400085449219,344.2799987792969,16141950,KOTAKBANK
2024-11-13,342.79998779296875,345.6300048828125,335.80999755859375,337.57000732421875,17967450,KOTAKBANK
2024-11-14,338.0,342.5199890136719,337.9599914550781,341.5799865722656,16638790,KOTAKBANK
2024-11-18,342.79998779296875,345.6499938964844,339.94000244140625,344.54998779296875,10412075,KOTAKBANK
2024-11-19,345.9599914550781,347.9599914550781,342.70001220703125,345.54998779296875,13798315,KOTAKBANK
2024-11-21,343.0199890136719,348.1499938964844,340.75,347.4200134277344,16470295,KOTAKBANK
2024-11-22,346.79998779296875,354.44000244140625,346.5799865722656,352.2900085449219,17768630,KOTAKBANK
2024-11-25,356.3999938964844,358.9200134277344,353.3800048828125,358.1499938964844,34357160,KOTAKBANK
2024-11-26,359.0,359.19000244140625,355.0,356.7200012207031,11563695,KOTAKBANK
2024-11-27,356.19000244140625,361.1000061035156,355.82000732421875,356.6400146484375,16012220,KOTAKBANK
2024-11-28,356.6499938964844,357.7799987792969,350.70001220703125,351.8399963378906,19856975,KOTAKBANK
2024-11-29,351.3999938964844,354.7200012207031,351.3999938964844,353.04998779296875,14939970,KOTAKBANK
2024-12-02,353.0,354.5199890136719,349.20001220703125,350.7900085449219,21326400,KOTAKBANK
2024-12-03,352.0,352.239990234375,348.0,349.9800109863281,19858250,KOTAKBANK
2024-12-04,350.3999938964844,353.3999938964844,349.2799987792969,351.5,15933930,KOTAKBANK
2024-12-05,352.79998779296875,357.7300109863281,349.6000061035156,355.0299987792969,28486145,KOTAKBANK
2024-12-06,354.7799987792969,357.010009765625,352.20001220703125,355.3900146484375,12979410,KOTAKBANK
2024-12-09,353.6199951171875,360.989990234375,353.6199951171875,357.25,12770115,KOTAKBANK
2024-12-10,356.6499938964844,360.55999755859375,356.6499938964844,358.94000244140625,9899420,KOTAKBANK
2024-12-11,359.20001220703125,361.3599853515625,357.989990234375,358.94000244140625,11967140,KOTAKBANK
2024-12-12,358.0,359.2900085449219,353.07000732421875,353.739990234375,17441295,KOTAKBANK
2024-12-13,351.6700134277344,361.79998779296875,349.6099853515625,361.1300048828125,19467655,KOTAKBANK
2024-12-16,360.6000061035156,362.6000061035156,358.7699890136719,360.8900146484375,14946965,KOTAKBANK
2024-12-17,359.2200012207031,361.3699951171875,355.0,356.80999755859375,17964305,KOTAKBANK
2024-12-18,356.3999938964844,357.3399963378906,354.07000732421875,356.0,17647150,KOTAKBANK
2024-12-19,352.69000244140625,353.6000061035156,349.0799865722656,352.4200134277344,20370400,KOTAKBANK
2024-12-20,351.0,353.7699890136719,346.6700134277344,348.7099914550781,73428440,KOTAKBANK
2024-12-23,349.5,352.8399963378906,348.0,349.07000732421875,13740180,KOTAKBANK
2024-12-24,348.510009765625,350.92999267578125,347.6099853515625,349.80999755859375,13563125,KOTAKBANK
2024-12-26,351.3599853515625,353.8900146484375,348.4100036621094,350.55999755859375,5660030,KOTAKBANK
2024-12-27,352.0,355.44000244140625,350.79998779296875,351.9800109863281,12241355,KOTAKBANK
2024-12-30,353.0,356.20001220703125,346.70001220703125,348.1400146484375,27513860,KOTAKBANK
2024-12-31,347.010009765625,359.32000732421875,347.010009765625,357.2099914550781,23658490,KOTAKBANK
2025-01-01,355.8500061035156,359.3500061035156,355.3999938964844,357.67999267578125,7424140,KOTAKBANK
2025-01-02,360.0,368.0400085449219,359.3800048828125,367.42999267578125,25484935,KOTAKBANK
2025-01-03,370.20001220703125,370.6000061035156,363.4200134277344,367.7300109863281,21385745,KOTAKBANK
2025-01-06,364.20001220703125,365.0,354.5799865722656,355.92999267578125,19961975,KOTAKBANK
2025-01-07,357.3999938964844,359.489990234375,353.9800109863281,354.4100036621094,21999690,KOTAKBANK
2025-01-08,356.0199890136719,356.94000244140625,352.489990234375,353.7300109863281,21823395,KOTAKBANK
2025-01-09,354.79998779296875,361.739990234375,354.79998779296875,358.0400085449219,27349135,KOTAKBANK
2025-01-10,356.8399963378906,357.92999267578125,350.6700134277344,351.239990234375,17513090,KOTAKBANK
2025-01-13,346.5799865722656,348.9100036621094,344.75,347.67999267578125,15461940,KOTAKBANK
2025-01-14,349.9200134277344,353.7699890136719,345.9200134277344,350.1199951171875,24744805,KOTAKBANK
2025-01-15,352.0199890136719,359.0,352.0199890136719,357.9200134277344,17549305,KOTAKBANK
2025-01-16,359.1600036621094,362.989990234375,357.07000732421875,361.1099853515625,22257670,KOTAKBANK
2025-01-17,359.3999938964844,361.1000061035156,349.6600036621094,351.7200012207031,17608640,KOTAKBANK
2025-01-20,378.0,385.9800109863281,373.20001220703125,384.1000061035156,66621575,KOTAKBANK
2025-01-21,384.19000244140625,384.19000244140625,378.20001220703125,378.6600036621094,22078315,KOTAKBANK
2025-01-22,379.79998779296875,384.1000061035156,377.4100036621094,383.5,20883345,KOTAKBANK
2025-01-23,381.4200134277344,384.7900085449219,378.4200134277344,378.9700012207031,15805795,KOTAKBANK
2025-01-24,378.20001220703125,383.70001220703125,374.6099853515625,377.239990234375,20126830,KOTAKBANK
2025-01-27,375.0,379.760009765625,372.54998779296875,376.2799987792969,9642515,KOTAKBANK
2025-01-28,379.0,381.0,374.1600036621094,377.54998779296875,25786920,KOTAKBANK
2025-01-29,377.55999755859375,384.94000244140625,377.0,384.07000732421875,11758155,KOTAKBANK
2025-01-30,384.07000732421875,387.6199951171875,375.489990234375,380.29998779296875,21195905,KOTAKBANK
2025-01-31,380.6099853515625,381.7900085449219,377.9200134277344,380.260009765625,11666145,KOTAKBANK
2025-02-01,379.79998779296875,383.42999267578125,374.32000732421875,380.6199951171875,5481785,KOTAKBANK
2025-02-03,378.7200012207031,380.760009765625,376.30999755859375,376.8999938964844,16599040,KOTAKBANK
2025-02-04,378.2099914550781,388.239990234375,375.44000244140625,385.70001220703125,26663090,KOTAKBANK
2025-02-05,387.55999755859375,387.7900085449219,380.4700012207031,382.3500061035156,17136925,KOTAKBANK
2025-02-06,383.3999938964844,384.0,379.2900085449219,383.19000244140625,15969855,KOTAKBANK
2025-02-07,384.20001220703125,392.1199951171875,381.5799865722656,385.8500061035156,22070870,KOTAKBANK
2025-02-10,387.05999755859375,393.0,384.7099914550781,392.0299987792969,17846865,KOTAKBANK
2025-02-11,392.9200134277344,394.1000061035156,381.32000732421875,383.7200012207031,17533410,KOTAKBANK
2025-02-12,384.69000244140625,389.79998779296875,380.989990234375,388.7900085449219,16095020,KOTAKBANK
2025-02-13,392.6000061035156,398.55999755859375,392.1099853515625,394.55999755859375,63391865,KOTAKBANK
2025-02-14,394.79998779296875,394.79998779296875,386.6700134277344,390.4800109863281,13050240,KOTAKBANK
2025-02-17,391.0,392.7900085449219,386.5299987792969,389.05999755859375,11500595,KOTAKBANK
2025-02-18,388.4100036621094,393.20001220703125,387.8299865722656,392.6700134277344,21720625,KOTAKBANK
2025-02-19,392.7900085449219,398.9800109863281,392.3999938964844,397.0,19570825,KOTAKBANK
2025-02-20,396.4599914550781,396.4700012207031,392.0,394.1099853515625,23621860,KOTAKBANK
2025-02-21,394.1099853515625,395.6700134277344,386.8999938964844,390.6099853515625,20042760,KOTAKBANK
2025-02-24,387.6600036621094,394.0,386.7099914550781,393.2200012207031,11090405,KOTAKBANK
2025-02-25,393.79998779296875,395.9100036621094,391.7200012207031,393.45001220703125,20099470,KOTAKBANK
2025-02-27,394.3999938964844,395.0,387.9800109863281,389.510009765625,18540340,KOTAKBANK
2025-02-28,387.4100036621094,387.4100036621094,378.7799987792969,380.5899963378906,34851575,KOTAKBANK
2025-03-03,381.1099853515625,384.7300109863281,379.0400085449219,382.9200134277344,13038950,KOTAKBANK
2025-03-04,380.2300109863281,383.20001220703125,379.3500061035156,381.55999755859375,15860250,KOTAKBANK
2025-03-05,380.6199951171875,390.7300109863281,379.0799865722656,386.6199951171875,19058440,KOTAKBANK
2025-03-06,388.79998779296875,388.989990234375,381.9700012207031,384.3399963378906,25965465,KOTAKBANK
2025-03-07,383.3999938964844,388.1199951171875,382.010009765625,387.0799865722656,13901690,KOTAKBANK
2025-03-10,386.5,388.010009765625,383.2699890136719,384.3500061035156,11142670,KOTAKBANK
2025-03-11,384.6000061035156,388.79998779296875,380.8900146484375,387.0400085449219,16035260,KOTAKBANK
2025-03-12,388.0,399.5400085449219,387.6000061035156,396.510009765625,33522470,KOTAKBANK
2025-03-13,395.1400146484375,398.6700134277344,393.9100036621094,397.0199890136719,24628970,KOTAKBANK
2025-03-17,396.0199890136719,399.7699890136719,394.8500061035156,398.6199951171875,15854645,KOTAKBANK
2025-03-18,398.6199951171875,398.6199951171875,398.6199951171875,398.6199951171875,0,KOTAKBANK
2025-03-19,407.8500061035156,410.20001220703125,403.45001220703125,404.30999755859375,26691440,KOTAKBANK
2025-03-20,406.20001220703125,407.7799987792969,403.29998779296875,407.1300048828125,13416530,KOTAKBANK
2025-03-21,408.0,419.5199890136719,407.0,415.79998779296875,94254040,KOTAKBANK
2025-03-24,420.0,436.8500061035156,418.04998779296875,435.2300109863281,42541755,KOTAKBANK
2025-03-25,435.9800109863281,440.5,432.0,434.0,36712165,KOTAKBANK
2025-03-26,435.0,435.20001220703125,425.9800109863281,428.9800109863281,15084580,KOTAKBANK
2025-03-27,428.79998779296875,430.2799987792969,422.3699951171875,425.7300109863281,47106120,KOTAKBANK
2025-03-28,427.8599853515625,435.9800109863281,427.79998779296875,434.239990234375,18361265,KOTAKBANK
2025-04-01,434.8599853515625,435.70001220703125,427.17999267578125,429.17999267578125,18754695,KOTAKBANK
2025-04-02,428.20001220703125,432.1300048828125,427.92999267578125,430.9200134277344,10660960,KOTAKBANK
2025-04-03,425.79998779296875,430.3399963378906,425.42999267578125,426.5199890136719,8470190,KOTAKBANK
2025-04-04,426.17999267578125,429.260009765625,423.6300048828125,426.3900146484375,18942015,KOTAKBANK
2025-04-07,403.739990234375,416.7200012207031,400.1600036621094,407.57000732421875,35695245,KOTAKBANK
2025-04-08,412.489990234375,415.9800109863281,407.6000061035156,411.0299987792969,20471695,KOTAKBANK
2025-04-09,410.79998779296875,413.0,408.4200134277344,410.5400085449219,19597890,KOTAKBANK
2025-04-11,413.0,427.8999938964844,411.70001220703125,422.239990234375,27973445,KOTAKBANK
2025-04-15,429.0,429.3999938964844,419.9200134277344,424.0400085449219,28178320,KOTAKBANK
2025-04-16,424.0,430.32000732421875,422.6600036621094,424.67999267578125,14498895,KOTAKBANK
2025-04-17,423.0,438.7799987792969,419.5400085449219,437.6199951171875,26943160,KOTAKBANK
2025-04-21,439.0,452.239990234375,435.0799865722656,448.2799987792969,24432490,KOTAKBANK
2025-04-22,449.79998779296875,460.3800048828125,449.0799865722656,453.760009765625,33664915,KOTAKBANK
2025-04-23,457.0,458.0,444.0,445.3999938964844,17619395,KOTAKBANK
2025-04-24,443.6000061035156,447.5799865722656,442.739990234375,444.6000061035156,20842685,KOTAKBANK
2025-04-25,444.0,446.67999267578125,435.6400146484375,440.8800048828125,10680015,KOTAKBANK
2025-04-28,439.3999938964844,446.3599853515625,437.8800048828125,445.1199951171875,12190890,KOTAKBANK
2025-04-29,445.1199951171875,449.3999938964844,439.760009765625,441.0,15291325,KOTAKBANK
2025-04-30,442.7799987792969,446.20001220703125,437.6400146484375,441.6199951171875,23114585,KOTAKBANK
2025-05-02,440.79998779296875,444.7200012207031,434.239990234375,436.3399963378906,9079030,KOTAKBANK
2025-05-05,421.0199890136719,426.760009765625,411.6000061035156,416.9800109863281,44108085,KOTAKBANK
2025-05-06,417.20001220703125,418.2799987792969,413.0,414.79998779296875,17025485,KOTAKBANK
2025-05-07,412.739990234375,420.3599853515625,410.8999938964844,418.9800109863281,18697280,KOTAKBANK
2025-05-08,419.79998779296875,427.739990234375,418.9800109863281,422.5199890136719,34624355,KOTAKBANK
2025-05-09,415.0,424.0,415.0,420.6199951171875,23271500,KOTAKBANK
2025-05-12,426.79998779296875,432.7200012207031,425.2200012207031,429.0,15109370,KOTAKBANK
2025-05-13,427.0,429.2200012207031,420.2200012207031,423.1199951171875,21539120,KOTAKBANK
2025-05-14,422.20001220703125,423.9800109863281,416.79998779296875,418.4800109863281,10687970,KOTAKBANK
2025-05-15,417.0199890136719,422.3999938964844,413.0799865722656,421.2799987792969,21311795,KOTAKBANK
2025-05-16,419.9800109863281,422.9800109863281,418.0199890136719,421.6400146484375,10289540,KOTAKBANK
2025-05-19,420.3999938964844,424.79998779296875,420.0799865722656,422.239990234375,7528520,KOTAKBANK
2025-05-20,422.9599914550781,423.5799865722656,416.94000244140625,418.0199890136719,19545490,KOTAKBANK
2025-05-21,419.0,419.260009765625,412.0,414.260009765625,10708700,KOTAKBANK
2025-05-22,414.79998779296875,415.5199890136719,410.1400146484375,413.1600036621094,16446640,KOTAKBANK
2025-05-23,413.1600036621094,421.8599853515625,413.1600036621094,420.1600036621094,8254765,KOTAKBANK
2025-05-26,418.0199890136719,422.3999938964844,417.0199890136719,417.8599853515625,10201425,KOTAKBANK
2025-05-27,418.0,419.79998779296875,412.239990234375,415.4800109863281,17299700,KOTAKBANK
2025-05-28,415.0,416.0799865722656,412.67999267578125,414.8599853515625,8173180,KOTAKBANK
2025-05-29,415.4599914550781,419.20001220703125,411.0,416.32000732421875,24936910,KOTAKBANK
2025-05-30,416.32000732421875,418.0400085449219,413.1000061035156,414.94000244140625,49038640,KOTAKBANK
2025-06-02,413.3999938964844,415.1600036621094,410.239990234375,412.7200012207031,13505700,KOTAKBANK
2025-06-03,414.0,415.1600036621094,406.8399963378906,408.8999938964844,32319090,KOTAKBANK
2025-06-04,409.4200134277344,411.70001220703125,408.1600036621094,409.260009765625,11655570,KOTAKBANK
2025-06-05,410.9599914550781,411.2799987792969,406.8399963378906,407.9800109863281,18626660,KOTAKBANK
2025-06-06,408.7799987792969,416.9800109863281,406.760009765625,414.67999267578125,22121620,KOTAKBANK
2025-06-09,422.20001220703125,428.4800109863281,418.0,427.6400146484375,28895440,KOTAKBANK
2025-06-10,429.3399963378906,434.5799865722656,427.6400146484375,430.2200012207031,24578710,KOTAKBANK
2025-06-11,429.79998779296875,432.1400146484375,426.6000061035156,429.05999755859375,8910305,KOTAKBANK
2025-06-12,429.05999755859375,429.760009765625,424.44000244140625,425.3599853515625,14890860,KOTAKBANK
2025-06-13,414.3999938964844,424.3999938964844,414.3999938964844,421.4800109863281,22336370,KOTAKBANK
2025-06-16,421.5799865722656,428.94000244140625,417.760009765625,427.79998779296875,14707980,KOTAKBANK
2025-06-17,427.79998779296875,431.1600036621094,426.0400085449219,427.3599853515625,15541500,KOTAKBANK
2025-06-18,425.0,427.4800109863281,421.739990234375,426.4800109863281,19503255,KOTAKBANK
2025-06-19,427.8999938964844,430.94000244140625,426.6199951171875,429.2799987792969,17025995,KOTAKBANK
2025-06-20,429.0,435.20001220703125,426.260009765625,433.9599914550781,16863180,KOTAKBANK
2025-06-23,431.6199951171875,437.94000244140625,430.239990234375,436.82000732421875,8603070,KOTAKBANK
2025-06-24,441.6000061035156,446.7200012207031,438.2799987792969,444.7200012207031,28022600,KOTAKBANK
2025-06-25,444.6000061035156,444.7200012207031,438.20001220703125,439.6600036621094,17877145,KOTAKBANK
2025-06-26,440.4800109863281,442.0,436.0,440.7799987792969,28350635,KOTAKBANK
2025-06-27,442.0,443.4599914550781,436.5199890136719,441.5799865722656,48247195,KOTAKBANK
2025-06-30,441.5799865722656,441.79998779296875,430.8999938964844,432.70001220703125,18638285,KOTAKBANK
2025-07-01,432.70001220703125,437.29998779296875,431.8599853515625,436.7200012207031,20128770,KOTAKBANK
2025-07-02,437.0,439.44000244140625,432.20001220703125,433.82000732421875,9382555,KOTAKBANK
2025-07-03,427.82000732421875,430.3800048828125,424.3800048828125,425.32000732421875,23336995,KOTAKBANK
2025-07-04,424.79998779296875,427.4599914550781,422.20001220703125,425.9599914550781,8431075,KOTAKBANK
2025-07-07,426.0,431.3599853515625,424.3599853515625,429.9599914550781,10852925,KOTAKBANK
2025-07-08,437.0,448.29998779296875,435.239990234375,444.8999938964844,37631455,KOTAKBANK
2025-07-09,443.3999938964844,446.82000732421875,442.79998779296875,445.8599853515625,10104510,KOTAKBANK
2025-07-10,445.82000732421875,448.5400085449219,437.3800048828125,440.760009765625,28609065,KOTAKBANK
2025-07-11,440.3599853515625,445.0,439.7200012207031,444.1199951171875,13395830,KOTAKBANK
2025-07-14,444.7799987792969,445.3999938964844,439.4599914550781,440.760009765625,11976685,KOTAKBANK
2025-07-15,442.0,446.7200012207031,436.3800048828125,437.6199951171875,14870715,KOTAKBANK
2025-07-16,436.82000732421875,438.0,431.20001220703125,435.8800048828125,11438515,KOTAKBANK
2025-07-17,435.0,438.3399963378906,433.3399963378906,434.1600036621094,10897805,KOTAKBANK
2025-07-18,433.5199890136719,433.6000061035156,426.20001220703125,428.1000061035156,12832715,KOTAKBANK
2025-07-21,427.6199951171875,433.5199890136719,426.0400085449219,433.0400085449219,9135495,KOTAKBANK
2025-07-22,434.3999938964844,435.0,429.0,432.0400085449219,7822810,KOTAKBANK
2025-07-23,434.20001220703125,435.9599914550781,431.239990234375,434.0799865722656,13952705,KOTAKBANK
2025-07-24,433.0799865722656,434.3599853515625,428.0,428.4200134277344,10292000,KOTAKBANK
2025-07-25,427.82000732421875,429.9800109863281,423.6600036621094,424.9200134277344,8727375,KOTAKBANK
2025-07-28,405.05999755859375,411.05999755859375,392.0,393.32000732421875,69123495,KOTAKBANK
2025-07-29,393.3999938964844,395.94000244140625,390.6000061035156,394.5400085449219,25219670,KOTAKBANK
2025-07-30,393.2200012207031,396.17999267578125,391.3999938964844,391.94000244140625,17949955,KOTAKBANK
2025-07-31,388.239990234375,399.7200012207031,387.0,395.7200012207031,21519590,KOTAKBANK
2025-08-01,396.6000061035156,401.3999938964844,394.4200134277344,398.4800109863281,13361865,KOTAKBANK
2025-08-04,397.3999938964844,401.3999938964844,396.4200134277344,399.3999938964844,7716305,KOTAKBANK
2025-08-05,401.6000061035156,401.6000061035156,398.9599914550781,400.6000061035156,12106660,KOTAKBANK
2025-08-06,400.6000061035156,405.1199951171875,398.5400085449219,400.4800109863281,13311395,KOTAKBANK
2025-08-07,396.20001220703125,399.1000061035156,393.0,398.4200134277344,72760995,KOTAKBANK
2025-08-08,398.7799987792969,399.8999938964844,389.6400146484375,390.5400085449219,10928645,KOTAKBANK
2025-08-11,392.79998779296875,404.79998779296875,391.2799987792969,395.17999267578125,11012565,KOTAKBANK
2025-08-12,395.0,397.17999267578125,391.2799987792969,391.79998779296875,7889120,KOTAKBANK
2025-08-13,393.6000061035156,399.260009765625,392.44000244140625,397.5400085449219,13733665,KOTAKBANK
2025-08-14,397.6000061035156,398.70001220703125,395.1000061035156,395.6400146484375,9922965,KOTAKBANK
2025-08-18,399.5799865722656,405.20001220703125,399.4200134277344,400.2799987792969,21519720,KOTAKBANK
2025-08-19,398.79998779296875,406.5,398.5,405.9800109863281,15558845,KOTAKBANK
2025-08-20,404.1000061035156,404.8399963378906,401.1000061035156,403.5,13134705,KOTAKBANK
2025-08-21,407.79998779296875,407.79998779296875,402.5799865722656,403.55999755859375,14493935,KOTAKBANK
2025-08-22,402.0400085449219,403.7200012207031,396.0400085449219,397.32000732421875,8958465,KOTAKBANK
2025-08-25,397.3999938964844,399.760009765625,395.3399963378906,396.6600036621094,11849075,KOTAKBANK
2025-08-26,395.6000061035156,396.7799987792969,392.239990234375,393.1400146484375,18550690,KOTAKBANK
2025-08-28,391.0,393.6000061035156,388.2200012207031,388.94000244140625,17989700,KOTAKBANK
2025-08-29,390.0400085449219,396.9800109863281,390.0400085449219,392.05999755859375,15371790,KOTAKBANK
2025-09-01,392.05999755859375,394.55999755859375,391.0400085449219,393.7200012207031,7891610,KOTAKBANK
2025-09-02,393.20001220703125,395.0400085449219,388.0799865722656,388.5,12917095,KOTAKBANK
2025-09-03,388.79998779296875,392.760009765625,386.2200012207031,392.0400085449219,20037270,KOTAKBANK
2025-09-04,392.20001220703125,394.3399963378906,389.29998779296875,389.94000244140625,9457295,KOTAKBANK
2025-09-05,389.94000244140625,391.4599914550781,387.4200134277344,389.1000061035156,9906260,KOTAKBANK
2025-09-08,388.5,392.29998779296875,386.29998779296875,390.0199890136719,12527790,KOTAKBANK
2025-09-09,391.20001220703125,393.17999267578125,387.9599914550781,392.0799865722656,15873920,KOTAKBANK
2025-09-10,396.9800109863281,397.7799987792969,393.1600036621094,394.6600036621094,42604510,KOTAKBANK
2025-09-11,395.3999938964844,397.0,392.6600036621094,394.4599914550781,11816335,KOTAKBANK
2025-09-12,394.6400146484375,397.0,393.20001220703125,394.4599914550781,18077285,KOTAKBANK
2025-09-15,393.6000061035156,396.32000732421875,392.9800109863281,394.1600036621094,13098130,KOTAKBANK
2025-09-16,395.2799987792969,406.1000061035156,394.6400146484375,404.3399963378906,20084385,KOTAKBANK
2025-09-17,405.79998779296875,410.5400085449219,404.05999755859375,410.05999755859375,23917190,KOTAKBANK
2025-09-18,410.0,412.260009765625,408.44000244140625,410.9200134277344,17420580,KOTAKBANK
2025-09-19,410.9200134277344,410.9200134277344,405.4800109863281,406.20001220703125,22431125,KOTAKBANK
2025-09-22,406.3999938964844,407.9200134277344,403.4800109863281,404.3399963378906,13229910,KOTAKBANK
2025-09-23,404.6000061035156,410.6199951171875,401.67999267578125,409.5400085449219,25428240,KOTAKBANK
2025-09-24,408.3999938964844,409.6199951171875,405.79998779296875,406.260009765625,18394385,KOTAKBANK
2025-09-25,406.4599914550781,407.5,402.0,402.70001220703125,20039275,KOTAKBANK
2025-09-26,401.79998779296875,403.8399963378906,397.82000732421875,398.9599914550781,9595825,KOTAKBANK
2025-09-29,399.17999267578125,400.739990234375,394.05999755859375,398.32000732421875,26530510,KOTAKBANK
2025-09-30,400.79998779296875,403.0,397.2200012207031,398.5400085449219,29309685,KOTAKBANK
2025-10-01,397.20001220703125,414.3999938964844,397.20001220703125,412.6600036621094,30579755,KOTAKBANK
2025-10-03,412.6600036621094,421.6000061035156,412.3999938964844,420.1000061035156,23679650,KOTAKBANK
2025-10-06,422.79998779296875,430.9200134277344,418.6000061035156,429.20001220703125,25764180,KOTAKBANK
2025-10-07,428.3999938964844,430.6199951171875,424.3399963378906,425.3800048828125,12364695,KOTAKBANK
2025-10-08,425.29998779296875,426.5,422.44000244140625,423.55999755859375,4402475,KOTAKBANK
2025-10-09,423.6000061035156,430.3999938964844,420.260009765625,428.9200134277344,15827485,KOTAKBANK
2025-10-10,429.0,431.55999755859375,427.32000732421875,430.0199890136719,9681210,KOTAKBANK
2025-10-13,427.20001220703125,431.20001220703125,426.760009765625,430.4200134277344,10600020,KOTAKBANK
2025-10-14,429.79998779296875,433.0,428.32000732421875,430.3599853515625,8022815,KOTAKBANK
2025-10-15,431.0,433.17999267578125,428.239990234375,429.9200134277344,11540535,KOTAKBANK
2025-10-16,430.5799865722656,442.9200134277344,430.44000244140625,441.0799865722656,33692100,KOTAKBANK
2025-10-17,440.7799987792969,441.9800109863281,438.0799865722656,441.1600036621094,16706510,KOTAKBANK
2025-10-20,442.79998779296875,453.20001220703125,440.0400085449219,442.760009765625,15207085,KOTAKBANK
2025-10-21,442.760009765625,443.9599914550781,437.3800048828125,439.3999938964844,1134020,KOTAKBANK
2025-10-23,445.0,448.8800048828125,442.20001220703125,445.1199951171875,21496105,KOTAKBANK
2025-10-24,447.6000061035156,447.6000061035156,433.6400146484375,437.3999938964844,16293685,KOTAKBANK
2025-10-27,434.44000244140625,437.20001220703125,424.3999938964844,429.7200012207031,18599700,KOTAKBANK
2025-10-28,428.3999938964844,433.6199951171875,428.3999938964844,432.1600036621094,23304345,KOTAKBANK
2025-10-29,434.0,434.8599853515625,429.3800048828125,430.1000061035156,7088915,KOTAKBANK
2025-10-30,430.0,430.6000061035156,425.2799987792969,427.44000244140625,12438465,KOTAKBANK
2025-10-31,429.3800048828125,429.3800048828125,420.0,420.44000244140625,18931270,KOTAKBANK
2025-11-03,420.44000244140625,423.8399963378906,417.5799865722656,422.70001220703125,7657265,KOTAKBANK
2025-11-04,423.3399963378906,424.2200012207031,418.6000061035156,419.32000732421875,9581885,KOTAKBANK
2025-11-06,414.6000061035156,420.760009765625,414.4200134277344,416.6400146484375,11902845,KOTAKBANK
2025-11-07,415.739990234375,419.8599853515625,411.8399963378906,417.6600036621094,7000945,KOTAKBANK
2025-11-10,416.20001220703125,420.9599914550781,416.20001220703125,418.5400085449219,10866480,KOTAKBANK
2025-11-11,420.0,420.6000061035156,414.9800109863281,417.3800048828125,10814210,KOTAKBANK
2025-11-12,420.0199890136719,420.0199890136719,416.0,416.8999938964844,9035425,KOTAKBANK
2025-11-13,417.8999938964844,417.8999938964844,412.9200134277344,415.0400085449219,10711530,KOTAKBANK
2025-11-14,413.20001220703125,417.1000061035156,412.6000061035156,415.94000244140625,12202755,KOTAKBANK
2025-11-17,419.0,423.9800109863281,418.4800109863281,420.5799865722656,25151640,KOTAKBANK
2025-11-18,418.1199951171875,421.3999938964844,416.0,418.6199951171875,10300340,KOTAKBANK
2025-11-19,419.8999938964844,422.0,417.8999938964844,421.17999267578125,12464500,KOTAKBANK
2025-11-20,422.9599914550781,422.9599914550781,418.6400146484375,419.739990234375,36702845,KOTAKBANK
2025-11-21,420.0,422.29998779296875,415.70001220703125,417.55999755859375,39194210,KOTAKBANK
2025-11-24,419.0,420.79998779296875,415.4800109863281,417.4599914550781,24922845,KOTAKBANK
2025-11-25,418.8599853515625,418.8599853515625,413.3399963378906,413.9800109863281,15164895,KOTAKBANK
2025-11-26,415.0,422.0,414.82000732421875,420.760009765625,14896715,KOTAKBANK
2025-11-27,420.79998779296875,426.1000061035156,418.2799987792969,422.0400085449219,20148975,KOTAKBANK
2025-11-28,423.79998779296875,428.3599853515625,420.44000244140625,424.8800048828125,15840785,KOTAKBANK
2025-12-01,426.79998779296875,432.6000061035156,425.6199951171875,429.5199890136719,16310160,KOTAKBANK
2025-12-02,428.0,432.0,427.8800048828125,428.4800109863281,18294165,KOTAKBANK
2025-12-03,427.0199890136719,430.3399963378906,423.82000732421875,429.2200012207031,14031015,KOTAKBANK
2025-12-04,429.2200012207031,429.3599853515625,424.29998779296875,427.0799865722656,12871640,KOTAKBANK
2025-12-05,427.0,433.20001220703125,426.3999938964844,430.9800109863281,9658475,KOTAKBANK
2025-12-08,431.739990234375,431.7799987792969,425.20001220703125,426.32000732421875,14960235,KOTAKBANK
2025-12-09,424.0,426.67999267578125,421.7799987792969,425.5400085449219,16037550,KOTAKBANK
2025-12-10,426.0,431.1000061035156,424.739990234375,425.8999938964844,10941335,KOTAKBANK
2025-12-11,425.8999938964844,441.0,423.82000732421875,436.0400085449219,24978600,KOTAKBANK
2025-12-12,436.3399963378906,440.20001220703125,434.94000244140625,435.32000732421875,14312745,KOTAKBANK
2025-12-15,433.4200134277344,437.1199951171875,431.29998779296875,436.260009765625,13779900,KOTAKBANK
2025-12-16,435.6000061035156,438.79998779296875,434.29998779296875,436.4800109863281,8544595,KOTAKBANK
2025-12-17,437.6000061035156,438.6400146484375,432.70001220703125,434.6400146484375,8060720,KOTAKBANK
2025-12-18,434.6400146484375,435.7799987792969,431.9800109863281,432.9200134277344,5633400,KOTAKBANK
2025-12-19,433.70001220703125,435.5,431.260009765625,431.8999938964844,11504670,KOTAKBANK
2025-12-22,434.0,435.20001220703125,429.4200134277344,429.94000244140625,9041130,KOTAKBANK
2025-12-23,430.5,434.17999267578125,429.94000244140625,432.5400085449219,8070815,KOTAKBANK
2025-12-24,433.6000061035156,435.6400146484375,432.2200012207031,432.739990234375,7791790,KOTAKBANK
2025-12-26,432.3999938964844,434.7200012207031,430.5799865722656,432.8399963378906,3691745,KOTAKBANK
2025-12-29,434.1199951171875,436.3599853515625,431.0799865722656,431.7200012207031,4858980,KOTAKBANK
2025-12-30,431.94000244140625,433.0,427.7799987792969,430.5400085449219,28360690,KOTAKBANK
2025-12-31,431.6000061035156,441.0799865722656,431.1400146484375,440.2200012207031,14284445,KOTAKBANK
2026-01-01,442.0,444.17999267578125,437.79998779296875,443.55999755859375,6734875,KOTAKBANK
2026-01-02,443.55999755859375,445.5799865722656,436.1000061035156,439.0199890136719,12238470,KOTAKBANK
2026-01-05,439.3800048828125,441.3399963378906,436.3999938964844,438.17999267578125,10914245,KOTAKBANK
2026-01-06,440.4200134277344,445.6000061035156,427.0,429.2799987792969,26541035,KOTAKBANK
2026-01-07,429.2799987792969,430.1000061035156,421.8399963378906,428.79998779296875,10561315,KOTAKBANK
2026-01-08,428.0199890136719,428.6000061035156,423.7200012207031,426.6000061035156,11484710,KOTAKBANK
2026-01-09,426.6000061035156,426.6000061035156,423.20001220703125,425.3599853515625,10319615,KOTAKBANK
2026-01-12,425.3599853515625,427.8800048828125,421.20001220703125,426.6600036621094,12720435,KOTAKBANK
2026-01-13,425.3800048828125,428.8800048828125,424.0,426.5199890136719,12717650,KOTAKBANK
2026-01-14,426.0,427.6000061035156,418.79998779296875,421.0,10818517,KOTAKBANK
2026-01-15,421.0,421.0,421.0,421.0,0,KOTAKBANK
2026-01-16,424.0,427.6000061035156,417.1000061035156,418.20001220703125,17993251,KOTAKBANK
2026-01-19,419.0,430.3999938964844,415.0,426.8999938964844,22228439,KOTAKBANK
2026-01-20,428.0,431.0,422.5,423.79998779296875,18805991,KOTAKBANK
2026-01-21,422.1000061035156,425.5,416.3999938964844,421.6000061035156,16386060,KOTAKBANK
2026-01-22,423.79998779296875,429.79998779296875,420.29998779296875,426.0,10087657,KOTAKBANK
2026-01-23,429.0,429.79998779296875,420.3999938964844,422.79998779296875,10548118,KOTAKBANK
2026-01-27,415.0,415.0,400.5,408.70001220703125,47613963,KOTAKBANK
2026-01-28,409.29998779296875,414.20001220703125,406.29998779296875,412.3999938964844,14823671,KOTAKBANK
2026-01-29,407.0,414.6000061035156,407.0,412.3999938964844,26085514,KOTAKBANK
2026-01-30,410.0,412.5,405.3999938964844,408.0,20681886,KOTAKBANK
2026-02-02,408.70001220703125,410.8500061035156,405.1000061035156,408.20001220703125,15422034,KOTAKBANK
2026-02-03,415.0,425.0,410.29998779296875,415.79998779296875,35396945,KOTAKBANK
2026-02-04,416.70001220703125,418.6499938964844,410.6000061035156,412.3500061035156,14948177,KOTAKBANK
2026-02-05,411.0,413.95001220703125,404.1000061035156,408.75,24814864,KOTAKBANK
2026-02-06,411.0,424.6499938964844,410.29998779296875,422.3500061035156,21228778,KOTAKBANK
2026-02-09,430.0,434.8999938964844,424.20001220703125,428.79998779296875,22538542,KOTAKBANK
2026-02-10,430.79998779296875,433.8999938964844,428.20001220703125,429.29998779296875,18428055,KOTAKBANK
2026-02-11,431.70001220703125,431.70001220703125,427.75,429.54998779296875,12299205,KOTAKBANK
2026-02-12,429.3999938964844,431.04998779296875,425.1000061035156,426.25,14003384,KOTAKBANK
2026-02-13,426.0,428.8999938964844,419.54998779296875,420.6499938964844,23233320,KOTAKBANK
2026-02-16,419.0,426.70001220703125,418.25,425.6000061035156,12403028,KOTAKBANK
2026-02-17,423.6499938964844,425.5,420.6000061035156,424.45001220703125,6427007,KOTAKBANK
2026-02-18,425.70001220703125,427.3999938964844,421.3500061035156,426.3500061035156,7333331,KOTAKBANK
2026-02-19,425.70001220703125,425.95001220703125,415.8500061035156,416.3999938964844,6473423,KOTAKBANK
2026-02-20,415.0,423.3999938964844,415.0,421.3500061035156,6603883,KOTAKBANK
2026-02-23,423.0,431.79998779296875,420.3500061035156,430.70001220703125,10399627,KOTAKBANK
2026-02-24,430.8999938964844,432.45001220703125,425.79998779296875,427.70001220703125,15016915,KOTAKBANK
2026-02-25,425.5,430.1499938964844,421.3999938964844,424.95001220703125,10192468,KOTAKBANK
2026-02-26,426.70001220703125,426.70001220703125,421.70001220703125,424.54998779296875,13417228,KOTAKBANK
2026-02-27,420.5,422.3500061035156,414.45001220703125,415.20001220703125,17806739,KOTAKBANK
2026-03-02,410.0,414.6000061035156,407.1000061035156,413.1000061035156,15236666,KOTAKBANK
2026-03-04,405.0,410.5,402.20001220703125,403.3500061035156,18393751,KOTAKBANK
2026-03-05,403.6000061035156,410.04998779296875,402.3500061035156,407.29998779296875,14963265,KOTAKBANK
2026-03-06,403.70001220703125,406.70001220703125,399.0,399.79998779296875,17512726,KOTAKBANK
2026-03-09,390.0,393.8500061035156,385.1000061035156,386.3500061035156,20275976,KOTAKBANK
2026-03-10,390.5,394.25,387.5,391.8500061035156,21346381,KOTAKBANK
2026-03-11,388.8500061035156,391.1000061035156,379.95001220703125,383.20001220703125,29991868,KOTAKBANK
2026-03-12,377.0,380.1499938964844,374.04998779296875,375.29998779296875,25048123,KOTAKBANK
2026-03-13,373.0,373.6000061035156,363.3999938964844,366.8500061035156,32179473,KOTAKBANK
2026-03-16,366.8500061035156,373.3500061035156,364.04998779296875,369.8500061035156,27927294,KOTAKBANK
2026-03-17,369.8500061035156,375.1499938964844,368.6000061035156,374.20001220703125,15176772,KOTAKBANK
2026-03-18,375.0,376.95001220703125,371.1000061035156,375.3999938964844,15235416,KOTAKBANK
2026-03-19,366.1499938964844,370.1499938964844,363.3500061035156,368.1499938964844,17308390,KOTAKBANK
2026-03-20,368.6000061035156,372.6000061035156,365.3999938964844,366.75,17077194,KOTAKBANK
2026-03-23,364.8500061035156,364.8999938964844,355.25,356.54998779296875,16980244,KOTAKBANK
2026-03-24,363.0,370.95001220703125,361.3999938964844,366.8500061035156,19990983,KOTAKBANK
2026-03-25,368.95001220703125,378.0,363.0,371.1000061035156,42442702,KOTAKBANK
2026-03-27,367.54998779296875,368.8500061035156,362.5,366.1499938964844,28928069,KOTAKBANK
2026-03-30,361.0,362.95001220703125,351.6499938964844,353.3999938964844,39762775,KOTAKBANK
2026-04-01,363.79998779296875,364.04998779296875,355.0,356.04998779296875,21245776,KOTAKBANK
2026-04-02,350.29998779296875,359.8500061035156,345.5,358.0,22056018,KOTAKBANK
2026-04-06,358.0,361.3999938964844,350.1000061035156,360.54998779296875,18320378,KOTAKBANK
2026-04-07,357.0,364.0,357.0,362.95001220703125,23655155,KOTAKBANK
2026-04-08,377.0,381.1499938964844,369.45001220703125,380.1499938964844,30162218,KOTAKBANK
2026-04-09,377.0,378.70001220703125,369.45001220703125,371.8999938964844,12422256,KOTAKBANK
2026-04-10,373.5,379.1499938964844,372.3500061035156,374.54998779296875,23751660,KOTAKBANK
2026-04-13,367.95001220703125,373.0,365.6000061035156,371.8999938964844,30027087,KOTAKBANK
2026-04-15,375.5,383.0,375.5,382.3999938964844,19100372,KOTAKBANK
2026-04-16,383.1499938964844,386.45001220703125,378.25,379.1499938964844,12060624,KOTAKBANK
2026-04-17,379.29998779296875,385.20001220703125,376.6499938964844,383.6000061035156,11626179,KOTAKBANK
2026-04-20,384.1000061035156,386.0,378.0,379.20001220703125,11146713,KOTAKBANK
2026-04-21,381.45001220703125,383.1499938964844,378.3500061035156,382.1499938964844,12323488,KOTAKBANK
2026-04-22,378.1000061035156,382.79998779296875,376.25,376.8500061035156,14471487,KOTAKBANK
2026-04-23,370.04998779296875,375.95001220703125,367.6499938964844,370.3999938964844,27628052,KOTAKBANK
2026-04-24,370.6000061035156,372.79998779296875,367.6499938964844,370.8500061035156,19678907,KOTAKBANK
2026-04-27,375.0,380.45001220703125,373.25,376.79998779296875,11559552,KOTAKBANK
2026-04-28,372.0,383.25,372.0,377.95001220703125,12852733,KOTAKBANK
2026-04-29,378.0,386.04998779296875,377.54998779296875,382.0,7913344,KOTAKBANK
2026-04-30,376.6000061035156,386.8500061035156,375.29998779296875,383.29998779296875,24812228,KOTAKBANK
2026-05-01,383.29998779296875,383.29998779296875,383.29998779296875,383.29998779296875,0,KOTAKBANK
2026-05-04,378.8999938964844,382.04998779296875,363.0,371.6499938964844,74467483,KOTAKBANK
2026-05-05,371.0,375.5,368.75,371.3500061035156,19084772,KOTAKBANK
2026-05-06,374.0,380.0,365.6499938964844,376.6000061035156,36195481,KOTAKBANK
2026-05-07,376.1000061035156,382.45001220703125,374.29998779296875,379.3999938964844,27286751,KOTAKBANK
2026-05-08,379.0,381.5,374.0,380.79998779296875,16183126,KOTAKBANK
2026-05-11,376.1000061035156,386.0,374.3999938964844,381.04998779296875,21347878,KOTAKBANK
2026-05-12,380.20001220703125,381.04998779296875,374.54998779296875,376.0,13065308,KOTAKBANK
2026-05-13,377.8999938964844,384.0,376.8500061035156,377.6499938964844,16267456,KOTAKBANK
2026-05-14,378.0,385.0,375.6000061035156,383.20001220703125,10652514,KOTAKBANK
2026-05-15,383.20001220703125,393.29998779296875,380.5,387.04998779296875,19461437,KOTAKBANK
2026-05-18,382.0,393.0,380.29998779296875,391.79998779296875,14575831,KOTAKBANK
2026-05-19,388.5,391.79998779296875,380.25,381.95001220703125,22567886,KOTAKBANK
2026-05-20,376.29998779296875,384.04998779296875,376.29998779296875,383.20001220703125,12342444,KOTAKBANK
2026-05-21,384.70001220703125,386.45001220703125,377.8999938964844,380.8500061035156,10133840,KOTAKBANK
2026-05-22,381.0,386.29998779296875,381.0,384.1499938964844,10348359,KOTAKBANK
2026-05-25,388.29998779296875,395.1499938964844,387.25,392.8500061035156,15571552,KOTAKBANK
2026-05-26,392.8500061035156,394.95001220703125,387.0,388.6499938964844,15059212,KOTAKBANK
2026-05-27,388.54998779296875,390.5,386.70001220703125,388.70001220703125,9326451,KOTAKBANK
2026-05-28,388.70001220703125,388.70001220703125,388.70001220703125,388.70001220703125,0,KOTAKBANK
2026-05-29,388.8500061035156,392.54998779296875,381.25,384.20001220703125,40109830,KOTAKBANK
2026-06-01,384.1499938964844,387.0,375.6499938964844,377.3999938964844,12335552,KOTAKBANK
2026-06-02,373.0,381.54998779296875,372.20001220703125,379.04998779296875,14834956,KOTAKBANK
2026-06-03,377.6000061035156,383.45001220703125,375.1000061035156,381.0,14844206,KOTAKBANK
2026-06-04,378.5,384.0,377.8999938964844,381.5,13889236,KOTAKBANK
2026-06-05,381.5,383.70001220703125,374.6499938964844,377.45001220703125,10129597,KOTAKBANK
2026-06-08,373.0,378.8999938964844,372.70001220703125,377.1000061035156,14460894,KOTAKBANK
2026-06-09,379.70001220703125,382.45001220703125,377.29998779296875,381.70001220703125,13987913,KOTAKBANK
2026-06-10,380.5,391.20001220703125,380.5,388.1000061035156,21427363,KOTAKBANK
2026-06-11,386.0,399.8999938964844,384.54998779296875,393.3500061035156,16135289,KOTAKBANK
2026-06-12,397.75,404.5,394.95001220703125,403.29998779296875,17227481,KOTAKBANK
2026-06-15,408.0,411.0,402.45001220703125,405.75,14269679,KOTAKBANK
2026-06-16,405.75,408.54998779296875,404.5,407.8500061035156,9079548,KOTAKBANK
2026-06-17,407.8500061035156,408.75,402.54998779296875,404.5,11654415,KOTAKBANK
2026-06-18,403.95001220703125,404.25,399.6499938964844,402.95001220703125,9342524,KOTAKBANK
2026-06-19,402.5,403.54998779296875,398.0,399.25,17504009,KOTAKBANK
2026-06-22,399.25,403.1000061035156,398.75,402.1499938964844,7158956,KOTAKBANK
2026-06-23,398.0,405.0,398.0,401.6499938964844,10077909,KOTAKBANK
2026-06-24,401.6499938964844,407.95001220703125,400.20001220703125,405.95001220703125,11768059,KOTAKBANK
2026-06-25,409.5,413.79998779296875,407.20001220703125,409.0,16587414,KOTAKBANK
2026-06-26,409.0,409.0,409.0,409.0,0,KOTAKBANK
2026-06-29,402.5,404.8500061035156,394.1000061035156,395.5,37210245,KOTAKBANK
2026-06-30,395.5,397.0,389.8999938964844,392.25,24824891,KOTAKBANK
2026-07-01,397.3500061035156,401.3999938964844,393.25,400.45001220703125,21723944,KOTAKBANK
2026-07-02,400.45001220703125,405.0,397.29998779296875,399.29998779296875,12980945,KOTAKBANK
2026-07-03,400.0,401.45001220703125,394.54998779296875,396.75,14747410,KOTAKBANK
2026-07-06,389.75,389.75,380.70001220703125,381.29998779296875,34164881,KOTAKBANK
2026-07-07,381.5,382.8999938964844,378.6499938964844,381.70001220703125,23216875,KOTAKBANK
2026-07-08,378.5,381.75,369.1000061035156,370.1000061035156,22517529,KOTAKBANK
2026-07-09,371.5,377.95001220703125,368.3999938964844,377.1499938964844,30720415,KOTAKBANK
2026-07-10,377.45001220703125,381.1499938964844,376.8999938964844,377.6000061035156,15468937,KOTAKBANK
2026-07-13,375.79998779296875,385.1499938964844,375.1000061035156,384.6499938964844,14167721,KOTAKBANK
2026-07-14,383.5,383.5,376.1000061035156,378.6499938964844,16237528,KOTAKBANK
2026-07-15,379.3500061035156,382.79998779296875,376.25,378.3999938964844,8082156,KOTAKBANK
2026-07-16,377.5,381.25,376.54998779296875,377.1499938964844,10889356,KOTAKBANK
2026-07-17,377.5,391.79998779296875,375.70001220703125,389.95001220703125,17847316,KOTAKBANK
2026-07-20,382.0,383.75,376.1000061035156,382.04998779296875,32539419,KOTAKBANK
2026-07-21,383.0,386.95001220703125,381.04998779296875,385.95001220703125,17152911,KOTAKBANK
2026-07-22,384.29998779296875,390.0,378.1499938964844,381.1499938964844,11688952,KOTAKBANK
2026-07-23,379.70001220703125,386.1000061035156,378.8500061035156,383.3500061035156,12720546,KOTAKBANK
2026-07-24,378.6000061035156,386.5,378.6000061035156,384.75,13308317,KOTAKBANK
2026-07-27,386.0,388.75,383.54998779296875,384.6499938964844,16710096,KOTAKBANK
2026-07-28,383.04998779296875,387.29998779296875,383.04998779296875,385.29998779296875,14247981,KOTAKBANK
2026-07-29,387.0,392.25,385.1499938964844,390.20001220703125,9190194,KOTAKBANK
2026-07-30,385.70001220703125,390.20001220703125,385.70001220703125,389.3999938964844,12205963,KOTAKBANK
2026-07-31,390.20001220703125,391.8500061035156,388.0,390.29998779296875,7014637,KOTAKBANK
2026-08-03,392.0,397.5,391.04998779296875,397.5,11247062,KOTAKBANK
2026-08-04,395.5,398.25,392.1000061035156,398.0,9131231,KOTAKBANK
2026-08-05,397.0,400.0,393.8500061035156,400.0,11842327,KOTAKBANK
2026-08-06,397.25,398.79998779296875,393.75,394.0,10378024,KOTAKBANK
2026-08-07,393.0,394.8500061035156,387.75,390.75,7315232,KOTAKBANK
2026-08-10,388.0,393.5,386.5,393.5,11662079,KOTAKBANK
2026-08-11,392.1000061035156,392.8999938964844,388.29998779296875,392.8999938964844,7853813,KOTAKBANK
2026-08-12,391.0,394.25,387.5,390.5,10733474,KOTAKBANK
2026-08-13,390.3999938964844,392.3999938964844,388.54998779296875,392.3999938964844,5726518,KOTAKBANK
2026-08-14,393.1000061035156,394.3500061035156,389.8500061035156,391.1499938964844,9519332,KOTAKBANK
2026-08-17,389.0,396.3500061035156,389.0,392.70001220703125,5105327,KOTAKBANK
2026-08-18,391.0,392.8999938964844,387.6499938964844,387.6499938964844,5653147,KOTAKBANK
